{
  "benchmark": "MINE",
  "pipeline": "SKGB (chunking + itext2kg ATOM)",
  "llm_model": "gpt-oss:120b-cloud",
  "embeddings_model": "nomic-embed-text",
  "config": {
    "ent_threshold": 0.8,
    "rel_threshold": 0.7,
    "min_chunk_words": 100,
    "max_chunk_words": 400,
    "overlap_words": 50,
    "top_k": 5,
    "hop_depth": 2
  },
  "results": {
    "n_articles": 101,
    "mean_mine_score": 0.6264026402640264,
    "median_mine_score": 0.6666666666666666,
    "std_mine_score": 0.2235977859774535,
    "min_mine_score": 0.0,
    "max_mine_score": 1.0
  },
  "baselines": {
    "kggen": 0.6541237623762377,
    "graphrag": 0.47939662921348325,
    "openie": 0.29293030303030304
  },
  "timestamp": "2026-03-10T12:16:06.525288"
}